Date,Adj Close,Close,High,Low,Open,Volume
2024-01-01,1279.69287109375,1295.125,1303.425048828125,1286.574951171875,1290.2750244140625,4030540
2024-01-02,1290.2900390625,1305.8499755859375,1307.5,1286.5,1292.5,7448800
2024-01-03,1276.25927734375,1291.6500244140625,1317.0,1288.5999755859375,1305.0,9037536
2024-01-04,1282.854736328125,1298.324951171875,1304.925048828125,1289.550048828125,1294.0,9612778
2024-01-05,1288.3138427734375,1303.8499755859375,1309.925048828125,1299.0,1301.449951171875,8086406
2024-01-08,1278.26025390625,1293.675048828125,1315.9749755859375,1284.4749755859375,1305.0,7734652
2024-01-09,1274.8759765625,1290.25,1303.4000244140625,1288.5999755859375,1300.0,5403074
2024-01-10,1309.261474609375,1325.050048828125,1329.5,1287.5250244140625,1288.5,11102740
2024-01-11,1343.696044921875,1359.9000244140625,1362.5,1328.5,1329.5,23725852
2024-01-12,1354.39208984375,1370.7249755859375,1373.324951171875,1345.75,1359.9000244140625,15012164
2024-01-15,1377.5130615234375,1394.125,1396.449951171875,1366.0,1375.0,8610594
2024-01-16,1358.24560546875,1374.625,1396.300048828125,1370.5,1389.9749755859375,9069024
2024-01-17,1345.35107421875,1361.574951171875,1386.2750244140625,1355.0250244140625,1359.5,12197382
2024-01-18,1351.6500244140625,1367.949951171875,1371.0,1351.25,1351.4000244140625,10279438
2024-01-19,1351.156005859375,1367.449951171875,1376.0,1359.0,1376.0,10422704
2024-01-23,1312.7442626953125,1328.574951171875,1371.75,1322.550048828125,1371.75,20055420
2024-01-24,1327.8619384765625,1343.875,1349.5,1323.925048828125,1335.2249755859375,21919128
2024-01-25,1336.952392578125,1353.074951171875,1364.1500244140625,1335.199951171875,1342.949951171875,11808872
2024-01-29,1430.795654296875,1448.050048828125,1452.5,1360.175048828125,1364.5,23893438
2024-01-30,1390.8524169921875,1407.625,1459.9749755859375,1404.425048828125,1459.949951171875,14093978
2024-01-31,1409.6259765625,1426.625,1434.25,1402.5,1404.0,15130226
2024-02-01,1409.650634765625,1426.6500244140625,1443.3499755859375,1418.050048828125,1435.0,13349362
2024-02-02,1440.3306884765625,1457.699951171875,1474.9000244140625,1433.175048828125,1433.175048828125,19652588
2024-02-05,1421.8782958984375,1439.0250244140625,1470.5,1431.5250244140625,1460.75,8814432
2024-02-06,1410.7869873046875,1427.800048828125,1441.8499755859375,1419.824951171875,1441.8499755859375,9047984
2024-02-07,1424.966064453125,1442.1500244140625,1449.5,1429.25,1435.925048828125,9296568
2024-02-08,1432.845947265625,1450.125,1459.4749755859375,1427.5250244140625,1450.0,14694634
2024-02-09,1443.344482421875,1460.75,1471.9749755859375,1450.949951171875,1454.0,12556798
2024-02-12,1435.0443115234375,1452.3499755859375,1461.0,1442.3499755859375,1460.75,6674430
2024-02-13,1447.642578125,1465.0999755859375,1479.0,1454.0,1455.5,7715594
2024-02-14,1463.7236328125,1481.375,1483.6500244140625,1457.5,1457.5,7117888
2024-02-15,1453.076904296875,1470.5999755859375,1484.7249755859375,1466.5250244140625,1483.3499755859375,10006782
2024-02-16,1443.17138671875,1460.574951171875,1477.0,1458.550048828125,1476.4749755859375,9767498
2024-02-19,1456.4364013671875,1474.0,1479.5,1453.5250244140625,1462.050048828125,6729828
2024-02-20,1453.496826171875,1471.0250244140625,1475.5,1461.800048828125,1475.0250244140625,7117496
2024-02-21,1450.2115478515625,1467.699951171875,1488.5250244140625,1457.550048828125,1474.0,12720292
2024-02-22,1464.0941162109375,1481.75,1484.949951171875,1458.0,1468.1500244140625,18493728
2024-02-23,1475.82763671875,1493.625,1497.550048828125,1483.3499755859375,1489.5,14438584
2024-02-26,1469.6026611328125,1487.324951171875,1494.5250244140625,1482.5,1493.550048828125,7513106
2024-02-27,1467.94775390625,1485.6500244140625,1499.949951171875,1478.050048828125,1483.0250244140625,10826044
2024-02-28,1438.2803955078125,1455.625,1491.2750244140625,1450.175048828125,1483.0,8647950
2024-02-29,1443.393798828125,1460.800048828125,1478.9749755859375,1454.5250244140625,1465.0,23628976
2024-03-01,1474.345458984375,1492.125,1500.0,1462.5,1463.5,12132926
2024-03-04,1489.4384765625,1507.4000244140625,1512.449951171875,1487.2249755859375,1490.4749755859375,10024420
2024-03-05,1482.32421875,1500.199951171875,1507.4000244140625,1486.050048828125,1505.7750244140625,7107668
2024-03-06,1485.0909423828125,1503.0,1509.0,1478.5,1493.449951171875,7805676
2024-03-07,1461.302734375,1478.925048828125,1503.0999755859375,1475.550048828125,1502.9749755859375,8315726
2024-03-11,1449.12451171875,1466.5999755859375,1489.0,1463.5,1489.0,11277130
2024-03-12,1457.844482421875,1475.425048828125,1488.0,1465.0250244140625,1466.5999755859375,9432678
2024-03-13,1415.10986328125,1432.175048828125,1483.0999755859375,1427.7750244140625,1479.7750244140625,13522134
2024-03-14,1414.4180908203125,1431.4749755859375,1448.5250244140625,1425.5,1439.699951171875,18571102
2024-03-15,1401.3260498046875,1418.2249755859375,1433.2249755859375,1412.9000244140625,1425.949951171875,19223818
2024-03-18,1422.32275390625,1439.4749755859375,1441.7249755859375,1416.5250244140625,1420.0,9169392
2024-03-19,1408.267333984375,1425.25,1437.5999755859375,1417.25,1428.75,8275764
2024-03-20,1426.5469970703125,1443.75,1445.0,1424.0250244140625,1427.949951171875,8488806
2024-03-21,1433.685791015625,1450.9749755859375,1457.9000244140625,1444.675048828125,1452.5250244140625,13006936
2024-03-22,1437.6876220703125,1455.0250244140625,1460.0,1447.3499755859375,1449.9749755859375,19527608
2024-03-26,1424.3978271484375,1441.574951171875,1452.4000244140625,1439.0,1445.0,11415906
2024-03-27,1475.061767578125,1492.8499755859375,1500.0,1447.0,1448.0,16326644
2024-03-28,1468.1451416015625,1485.8499755859375,1505.949951171875,1478.6500244140625,1492.875,21854364
2024-04-01,1467.0831298828125,1484.7750244140625,1493.9749755859375,1482.5,1492.4749755859375,5013880
2024-04-02,1469.232177734375,1486.949951171875,1494.0,1475.0,1484.0,8910166
2024-04-03,1454.0650634765625,1471.5999755859375,1484.449951171875,1468.9000244140625,1482.074951171875,7008292
2024-04-04,1445.4935302734375,1462.925048828125,1479.75,1450.0,1479.75,14490272
2024-04-05,1442.7021484375,1460.0999755859375,1470.800048828125,1456.0,1460.875,7442298
2024-04-08,1468.268798828125,1485.9749755859375,1490.9749755859375,1461.0,1462.9749755859375,8357118
2024-04-09,1446.2098388671875,1463.6500244140625,1489.800048828125,1462.5,1489.0,7071414
2024-04-10,1461.9449462890625,1479.574951171875,1487.0,1466.3499755859375,1466.3499755859375,9138330
2024-04-12,1449.6680908203125,1467.1500244140625,1486.4749755859375,1463.074951171875,1475.875,15551012
2024-04-15,1447.3707275390625,1464.824951171875,1482.125,1446.324951171875,1461.0,12902062
2024-04-16,1448.2847900390625,1465.75,1471.175048828125,1450.925048828125,1453.3499755859375,9366184
2024-04-18,1446.876708984375,1464.324951171875,1486.0,1459.3499755859375,1463.5,19005692
2024-04-19,1452.607666015625,1470.125,1474.0,1443.0250244140625,1456.7750244140625,15741778
2024-04-22,1462.2166748046875,1479.8499755859375,1482.824951171875,1467.800048828125,1472.449951171875,10350362
2024-04-23,1441.936279296875,1459.324951171875,1493.5,1455.550048828125,1479.0,14605554
2024-04-24,1432.895263671875,1450.175048828125,1468.550048828125,1449.5,1463.5,10462776
2024-04-25,1442.57861328125,1459.9749755859375,1467.9749755859375,1441.5,1442.5,15943926
2024-04-26,1435.2421875,1452.550048828125,1465.0,1450.0,1463.949951171875,9413848
2024-04-29,1447.568359375,1465.0250244140625,1467.9000244140625,1450.0,1450.0,7247974
2024-04-30,1449.5198974609375,1467.0,1483.074951171875,1462.875,1468.0,11474262
2024-05-02,1449.0753173828125,1466.550048828125,1477.324951171875,1464.125,1472.0,14512646
2024-05-03,1416.9129638671875,1434.0,1474.949951171875,1416.1500244140625,1471.0,17226958
2024-05-06,1402.610595703125,1419.5250244140625,1440.0,1418.0,1435.5,7394208
2024-05-07,1384.775634765625,1401.4749755859375,1420.75,1392.0,1415.9749755859375,14517472
2024-05-08,1401.6473388671875,1418.550048828125,1432.949951171875,1397.5,1397.5,9439002
2024-05-09,1377.5130615234375,1394.125,1423.75,1390.0,1413.0,11009612
2024-05-10,1390.6546630859375,1407.425048828125,1410.0,1388.074951171875,1396.75,10505096
2024-05-13,1385.9859619140625,1402.699951171875,1406.9749755859375,1384.0,1399.9000244140625,8456620
2024-05-14,1403.154052734375,1420.074951171875,1427.074951171875,1400.0250244140625,1400.9749755859375,7188300
2024-05-15,1399.399169921875,1416.2750244140625,1429.9749755859375,1413.0250244140625,1420.5,5046534
2024-05-16,1408.3660888671875,1425.3499755859375,1427.5,1398.0250244140625,1418.550048828125,14711774
2024-05-17,1418.5927734375,1435.699951171875,1437.199951171875,1413.25,1423.050048828125,10916476
2024-05-21,1419.0128173828125,1436.125,1441.824951171875,1425.5999755859375,1425.5999755859375,11176128
2024-05-22,1443.2454833984375,1460.6500244140625,1468.7750244140625,1436.2750244140625,1436.2750244140625,10281604
2024-05-23,1468.343017578125,1486.050048828125,1492.2249755859375,1455.0,1458.550048828125,14608260
2024-05-24,1462.6119384765625,1480.25,1488.5,1476.0999755859375,1483.625,7094776
2024-05-27,1448.77880859375,1466.25,1484.9000244140625,1461.550048828125,1480.2249755859375,6629010
2024-05-28,1438.8485107421875,1456.199951171875,1478.5,1452.75,1468.0,7820162
2024-05-29,1423.607421875,1440.7750244140625,1458.0,1438.449951171875,1446.5,7383556
2024-05-30,1407.8720703125,1424.8499755859375,1440.4000244140625,1420.0999755859375,1435.5,13206858
2024-05-31,1413.3560791015625,1430.4000244140625,1442.25,1422.25,1431.300048828125,31069832
2024-06-03,1492.32861328125,1510.324951171875,1514.5,1459.0,1483.0,21527942
2024-06-04,1380.625732421875,1397.2750244140625,1498.050048828125,1359.300048828125,1498.050048828125,36709098
2024-06-05,1403.821044921875,1420.75,1431.1500244140625,1384.0999755859375,1422.0,17464890
2024-06-06,1414.541748046875,1431.5999755859375,1443.699951171875,1421.3499755859375,1435.0,17855722
2024-06-07,1452.4346923828125,1469.949951171875,1472.0,1426.5,1428.5,18558696
2024-06-10,1453.867431640625,1471.4000244140625,1493.3499755859375,1468.074951171875,1469.949951171875,9251760
2024-06-11,1439.31787109375,1456.675048828125,1473.675048828125,1454.675048828125,1469.0,11774902
2024-06-12,1445.888671875,1463.324951171875,1476.0,1455.175048828125,1457.5,10081742
2024-06-13,1447.790771484375,1465.25,1472.25,1460.0999755859375,1472.0,9181160
2024-06-14,1459.944091796875,1477.550048828125,1479.675048828125,1457.2249755859375,1470.0,8157998
2024-06-18,1463.377685546875,1481.0250244140625,1487.4000244140625,1471.3499755859375,1487.3499755859375,7196766
2024-06-19,1441.2694091796875,1458.6500244140625,1487.5,1456.0,1487.5,8725874
2024-06-20,1456.139892578125,1473.699951171875,1482.8499755859375,1450.0999755859375,1459.0,16113776
2024-06-21,1436.872314453125,1454.199951171875,1474.699951171875,1440.574951171875,1473.625,31170360
2024-06-24,1424.2989501953125,1441.4749755859375,1449.5,1437.5,1445.5250244140625,8878386
2024-06-25,1436.822998046875,1454.1500244140625,1455.925048828125,1441.0,1443.0,7045386
2024-06-26,1495.9844970703125,1514.0250244140625,1518.9749755859375,1445.125,1446.050048828125,22014882
2024-06-27,1512.3126220703125,1530.550048828125,1537.5,1506.0,1513.75,28383030
2024-06-28,1546.747314453125,1565.4000244140625,1581.0,1531.0250244140625,1531.0250244140625,28957336
2024-07-01,1541.5599365234375,1560.1500244140625,1579.4000244140625,1555.675048828125,1562.5250244140625,7724306
2024-07-02,1546.525146484375,1565.175048828125,1573.5,1557.0,1569.5,7749246
2024-07-03,1533.927001953125,1552.425048828125,1575.0,1542.7750244140625,1566.324951171875,9049620
2024-07-04,1535.5079345703125,1554.0250244140625,1567.5,1550.800048828125,1557.0,6837176
2024-07-05,1569.6956787109375,1588.625,1598.5,1548.0,1553.824951171875,12269710
2024-07-08,1581.824462890625,1600.9000244140625,1608.800048828125,1582.5250244140625,1589.0,9500806
2024-07-09,1571.325927734375,1590.2750244140625,1600.5,1580.5,1597.5999755859375,6960002
2024-07-10,1565.3480224609375,1584.2249755859375,1597.5,1563.1500244140625,1595.0,7134578
2024-07-11,1561.815673828125,1580.6500244140625,1604.25,1570.5,1587.5,11940946
2024-07-12,1577.6990966796875,1596.7249755859375,1605.1500244140625,1574.5,1584.5,12924784
2024-07-15,1578.193115234375,1597.2249755859375,1605.8499755859375,1585.5,1604.449951171875,5329688
2024-07-16,1557.4681396484375,1576.25,1600.0,1569.125,1593.5,9386838
2024-07-18,1567.7689208984375,1586.675048828125,1593.9000244140625,1557.824951171875,1576.0,12298374
2024-07-19,1536.61962890625,1555.1500244140625,1589.9749755859375,1552.800048828125,1586.0,13140390
2024-07-22,1482.7935791015625,1500.675048828125,1537.5,1499.2750244140625,1537.25,19674376
2024-07-23,1470.1708984375,1487.9000244140625,1505.75,1463.0,1501.0,18052044
2024-07-24,1477.8779296875,1495.699951171875,1509.5,1476.4000244140625,1485.0,11913362
2024-07-25,1474.6171875,1492.4000244140625,1500.4749755859375,1477.074951171875,1481.0,12519876
2024-07-26,1491.044189453125,1509.0250244140625,1512.425048828125,1490.3499755859375,1492.4000244140625,9859940
2024-07-29,1501.9871826171875,1520.0999755859375,1527.5,1511.7750244140625,1511.949951171875,7538550
2024-07-30,1495.1199951171875,1513.1500244140625,1525.0,1510.0,1517.0250244140625,8228208
2024-07-31,1487.4869384765625,1505.425048828125,1510.449951171875,1501.1500244140625,1504.0,10057346
2024-08-01,1497.244384765625,1515.300048828125,1518.0,1504.300048828125,1512.0,10764222
2024-08-02,1481.459716796875,1499.324951171875,1509.324951171875,1493.2750244140625,1505.0,10268248
2024-08-05,1430.079345703125,1447.324951171875,1483.9000244140625,1433.25,1480.0,17046704
2024-08-06,1438.700439453125,1456.050048828125,1477.5,1451.324951171875,1455.1500244140625,10236186
2024-08-07,1447.3707275390625,1464.824951171875,1472.5,1461.5,1469.0,8174568
2024-08-08,1431.8577880859375,1449.125,1465.0,1445.925048828125,1457.5250244140625,12387192
2024-08-09,1456.7330322265625,1474.300048828125,1476.5,1456.0,1460.0,6249776
2024-08-12,1443.2208251953125,1460.625,1473.0,1457.75,1470.0,8184584
2024-08-13,1446.18505859375,1463.625,1470.074951171875,1458.0,1460.75,6265064
2024-08-14,1444.43115234375,1461.8499755859375,1472.0,1453.699951171875,1463.550048828125,6267466
2024-08-16,1460.5863037109375,1478.199951171875,1480.4000244140625,1458.050048828125,1468.6500244140625,9416902
2024-08-19,1475.65625,1488.4000244140625,1498.300048828125,1480.5,1482.5,13797742
2024-08-20,1483.1416015625,1495.949951171875,1503.925048828125,1490.0250244140625,1497.2249755859375,8411808
2024-08-21,1485.8433837890625,1498.675048828125,1507.875,1490.0,1493.25,7769996
2024-08-22,1485.2979736328125,1498.125,1506.5,1490.6500244140625,1503.0,10445782
2024-08-23,1487.1322021484375,1499.9749755859375,1511.324951171875,1498.425048828125,1503.75,9249654
2024-08-26,1499.6490478515625,1512.5999755859375,1523.0,1503.0,1506.9749755859375,8816114
2024-08-27,1487.6031494140625,1500.449951171875,1513.4749755859375,1499.449951171875,1510.5,6251156
2024-08-28,1485.4715576171875,1498.300048828125,1507.4749755859375,1493.0,1505.0,9610286
2024-08-29,1507.90283203125,1520.925048828125,1537.0,1494.0,1503.0999755859375,38335358
2024-08-30,1496.6995849609375,1509.625,1539.7249755859375,1503.324951171875,1534.0,41620730
2024-09-02,1503.267822265625,1516.25,1526.800048828125,1506.625,1510.875,11240852
2024-09-03,1496.203857421875,1509.125,1523.0,1507.5,1521.25,10923800
2024-09-04,1501.5823974609375,1514.550048828125,1517.5,1499.5,1500.699951171875,11983304
2024-09-05,1480.192138671875,1492.9749755859375,1525.7750244140625,1487.050048828125,1519.050048828125,16264168
2024-09-06,1452.2830810546875,1464.824951171875,1497.0,1461.625,1492.5,19394228
2024-09-09,1449.9283447265625,1462.449951171875,1469.925048828125,1455.5999755859375,1466.5,9010298
2024-09-10,1449.0113525390625,1461.5250244140625,1472.050048828125,1457.574951171875,1460.5,10768260
2024-09-11,1439.0721435546875,1451.5,1468.75,1447.550048828125,1463.050048828125,9760202
2024-09-12,1467.1298828125,1479.800048828125,1486.0,1445.875,1457.0,22349376
2024-09-13,1460.016357421875,1472.625,1483.1500244140625,1469.5,1476.4000244140625,8711328
2024-09-16,1458.752197265625,1471.3499755859375,1480.9000244140625,1464.75,1477.550048828125,5481774
2024-09-17,1459.6942138671875,1472.300048828125,1477.4749755859375,1466.625,1474.0,5935328
2024-09-18,1450.919921875,1463.449951171875,1482.0,1460.550048828125,1470.0,8574714
2024-09-19,1457.0916748046875,1469.675048828125,1476.5,1455.550048828125,1466.25,16955902
2024-09-20,1473.2025146484375,1485.925048828125,1495.0,1471.375,1474.0,30897320
2024-09-23,1480.5887451171875,1493.375,1501.5,1488.949951171875,1491.0,8832314
2024-09-24,1476.6229248046875,1489.375,1500.5,1487.875,1488.5,17137444
2024-09-25,1481.15869140625,1493.949951171875,1496.5,1480.199951171875,1483.9000244140625,7069002
2024-09-26,1485.12451171875,1497.949951171875,1504.0,1488.050048828125,1490.6500244140625,18818998
2024-09-27,1513.10791015625,1526.175048828125,1533.4749755859375,1492.0,1499.0,20597478
2024-09-30,1463.9324951171875,1476.574951171875,1524.9749755859375,1474.4000244140625,1519.4000244140625,27008814
2024-10-01,1452.2830810546875,1464.824951171875,1487.949951171875,1462.824951171875,1480.6500244140625,16431642
2024-10-03,1394.928466796875,1406.9749755859375,1449.4000244140625,1402.074951171875,1436.574951171875,37757294
2024-10-04,1374.653564453125,1386.5250244140625,1417.3499755859375,1381.7750244140625,1403.925048828125,37072876
2024-10-07,1358.9888916015625,1370.7249755859375,1396.5,1361.375,1393.5,22181340
2024-10-08,1385.3858642578125,1397.3499755859375,1401.0,1365.0999755859375,1372.9749755859375,17020808
2024-10-09,1362.8306884765625,1374.5999755859375,1400.9749755859375,1372.5,1397.5250244140625,14310610
2024-10-10,1359.31103515625,1371.050048828125,1386.0,1369.425048828125,1380.0250244140625,22358646
2024-10-11,1360.35205078125,1372.0999755859375,1383.2750244140625,1368.824951171875,1370.0,7980122
2024-10-14,1360.7734375,1372.5250244140625,1380.074951171875,1368.25,1379.449951171875,12221432
2024-10-15,1332.5174560546875,1344.0250244140625,1371.699951171875,1340.699951171875,1358.5250244140625,33762794
2024-10-16,1342.4813232421875,1354.074951171875,1364.0,1337.625,1340.0,20034438
2024-10-17,1344.811279296875,1356.425048828125,1368.449951171875,1352.050048828125,1365.699951171875,15543660
2024-10-18,1347.66162109375,1359.300048828125,1368.425048828125,1341.324951171875,1352.175048828125,12082452
2024-10-21,1357.476806640625,1369.199951171875,1374.0,1357.7249755859375,1367.125,14067408
2024-10-22,1331.8482666015625,1343.3499755859375,1376.0,1340.2249755859375,1369.199951171875,15831960
2024-10-23,1327.0645751953125,1338.5250244140625,1357.4749755859375,1335.0,1337.5,17214742
2024-10-24,1328.3287353515625,1339.800048828125,1343.699951171875,1323.125,1335.2750244140625,22155934
2024-10-25,1316.4808349609375,1327.8499755859375,1344.3499755859375,1322.0,1343.5,18597496
2024-10-28,1322.9251708984375,1334.3499755859375,1353.0,1322.0999755859375,1337.0,10824350
2024-10-29,1328.52685546875,1340.0,1343.199951171875,1320.300048828125,1328.0999755859375,12008361
2024-10-30,1332.3935546875,1343.9000244140625,1350.0,1325.3499755859375,1335.0,11984423
2024-10-31,1320.64501953125,1332.050048828125,1343.0,1326.1500244140625,1340.0,9331650
2024-11-01,1327.1884765625,1338.6500244140625,1341.949951171875,1333.0,1333.050048828125,2127335
2024-11-04,1291.0009765625,1302.1500244140625,1340.0,1285.0999755859375,1337.8499755859375,19796890
2024-11-05,1294.1240234375,1305.300048828125,1309.550048828125,1286.1500244140625,1293.0,16267479
2024-11-06,1314.002197265625,1325.3499755859375,1328.300048828125,1300.199951171875,1310.0,21625209
2024-11-07,1294.470947265625,1305.6500244140625,1324.0,1302.5999755859375,1324.0,9611974
2024-11-08,1272.758544921875,1283.75,1301.6500244140625,1275.0,1297.6500244140625,19814406
2024-11-11,1261.802978515625,1272.699951171875,1286.0,1267.0,1278.949951171875,9056552
2024-11-12,1263.33984375,1274.25,1289.300048828125,1267.5,1275.550048828125,10671091
2024-11-13,1241.3299560546875,1252.050048828125,1275.449951171875,1249.5,1270.25,14633633
2024-11-14,1256.746826171875,1267.5999755859375,1272.5999755859375,1251.0999755859375,1253.5999755859375,12612633
2024-11-18,1249.9554443359375,1260.75,1272.9000244140625,1243.9000244140625,1267.5999755859375,13620611
2024-11-19,1231.0189208984375,1241.6500244140625,1281.5,1235.1500244140625,1260.75,14183746
2024-11-21,1212.528564453125,1223.0,1243.949951171875,1217.25,1241.6500244140625,19433843
2024-11-22,1254.565673828125,1265.4000244140625,1268.8499755859375,1222.449951171875,1229.4000244140625,20471957
2024-11-25,1275.9805908203125,1287.0,1304.449951171875,1282.449951171875,1290.0,28923341
2024-11-26,1284.6060791015625,1295.699951171875,1297.8499755859375,1284.199951171875,1294.949951171875,9247557
2024-11-27,1282.1275634765625,1293.199951171875,1303.8499755859375,1286.0,1293.5,9572746
2024-11-28,1259.91943359375,1270.800048828125,1296.5999755859375,1269.050048828125,1289.949951171875,15027412
2024-11-29,1281.1361083984375,1292.199951171875,1299.5,1275.25,1280.0,13202307
2024-12-02,1297.9410400390625,1309.1500244140625,1311.3499755859375,1277.050048828125,1288.0,11024152
2024-12-03,1311.969970703125,1323.300048828125,1326.800048828125,1307.0,1317.0,16869482
2024-12-04,1297.74267578125,1308.949951171875,1328.4000244140625,1304.050048828125,1326.0,19608540
2024-12-05,1310.7305908203125,1322.050048828125,1329.949951171875,1306.1500244140625,1314.3499755859375,16858723
2024-12-06,1300.320556640625,1311.550048828125,1323.9000244140625,1310.0,1323.9000244140625,9037514
2024-12-09,1284.0609130859375,1295.1500244140625,1315.0,1293.0999755859375,1303.0,14650002
2024-12-10,1273.8489990234375,1284.8499755859375,1294.9000244140625,1280.199951171875,1289.25,16043729
2024-12-11,1267.2559814453125,1278.199951171875,1290.0,1276.050048828125,1285.0,11724373
2024-12-12,1252.0870361328125,1262.9000244140625,1278.199951171875,1260.5999755859375,1270.0,20906813
2024-12-13,1261.9517822265625,1272.8499755859375,1275.199951171875,1239.5999755859375,1260.0,28630222
2024-12-16,1257.4407958984375,1268.300048828125,1281.0,1266.550048828125,1275.0,9486781
2024-12-17,1234.6378173828125,1245.300048828125,1263.9000244140625,1242.800048828125,1261.050048828125,17462791
2024-12-18,1242.5196533203125,1253.25,1259.949951171875,1240.6500244140625,1240.6500244140625,12670179
2024-12-19,1219.914794921875,1230.449951171875,1244.9000244140625,1229.0,1239.0,14244653
2024-12-20,1194.9803466796875,1205.300048828125,1239.5,1201.5,1224.0,20312896
2024-12-23,1211.834716796875,1222.300048828125,1227.199951171875,1213.199951171875,1215.0,10052824
2024-12-24,1212.2808837890625,1222.75,1233.550048828125,1221.0,1222.300048828125,6734917
2024-12-26,1206.1339111328125,1216.550048828125,1227.699951171875,1214.25,1224.25,10016178
2024-12-27,1210.595458984375,1221.050048828125,1227.9000244140625,1217.0,1218.300048828125,7000397
2024-12-30,1200.3338623046875,1210.699951171875,1223.199951171875,1208.0999755859375,1216.4000244140625,8818766
2024-12-31,1205.043212890625,1215.449951171875,1219.0999755859375,1206.1500244140625,1208.0,6405475
2025-01-01,1210.7935791015625,1221.25,1226.300048828125,1211.5999755859375,1214.8499755859375,5892590
2025-01-02,1231.167724609375,1241.800048828125,1244.449951171875,1220.0,1221.25,15486276
2025-01-03,1240.4376220703125,1251.1500244140625,1262.050048828125,1235.5,1243.9000244140625,15521102
2025-01-06,1207.571533203125,1218.0,1262.0,1215.0,1253.949951171875,14816766
2025-01-07,1230.2257080078125,1240.8499755859375,1244.5,1221.25,1222.0,10070505
2025-01-08,1254.664794921875,1265.5,1271.050048828125,1245.3499755859375,1249.0,19346579
2025-01-09,1244.0068359375,1254.75,1269.75,1248.050048828125,1267.0,12794704
2025-01-10,1231.266845703125,1241.9000244140625,1256.75,1236.0,1253.8499755859375,8120332
2025-01-13,1229.234375,1239.8499755859375,1245.25,1226.4000244140625,1230.0,13764861
2025-01-14,1228.143798828125,1238.75,1253.3499755859375,1227.25,1244.0999755859375,13095266
2025-01-15,1241.478515625,1252.199951171875,1257.0,1241.8499755859375,1244.949951171875,9578856
2025-01-16,1255.6065673828125,1266.449951171875,1275.0,1251.300048828125,1258.9000244140625,14117603
2025-01-17,1291.19921875,1302.3499755859375,1326.0,1285.0,1322.25,29366277
2025-01-20,1294.272705078125,1305.449951171875,1316.0,1300.25,1316.0,14040244
2025-01-21,1262.7945556640625,1273.699951171875,1313.0,1270.199951171875,1310.5,14562976
2025-01-22,1266.16552734375,1277.0999755859375,1282.9000244140625,1268.699951171875,1278.300048828125,10273590
2025-01-23,1252.8306884765625,1263.6500244140625,1277.3499755859375,1261.5999755859375,1270.0,8720682
2025-01-24,1235.6292724609375,1246.300048828125,1273.0,1243.5,1266.0,14235970
2025-01-27,1218.82421875,1229.3499755859375,1240.449951171875,1220.0,1239.0999755859375,9536019
2025-01-28,1223.8310546875,1234.4000244140625,1244.75,1218.5,1238.0,10568025
2025-01-29,1224.921630859375,1235.5,1242.75,1228.050048828125,1236.0,5928156
2025-01-30,1242.3214111328125,1253.050048828125,1257.0,1232.4000244140625,1235.550048828125,9269259
2025-01-31,1254.2681884765625,1265.0999755859375,1267.0,1249.0,1255.8499755859375,6584612
2025-02-01,1253.7724609375,1264.5999755859375,1270.550048828125,1241.0,1265.0999755859375,7118453
2025-02-03,1235.232666015625,1245.9000244140625,1256.0,1237.550048828125,1251.0,9252345
2025-02-04,1274.196044921875,1285.199951171875,1288.800048828125,1246.5999755859375,1248.050048828125,16691069
2025-02-05,1267.2559814453125,1278.199951171875,1290.5,1276.699951171875,1282.6500244140625,10112028
2025-02-06,1270.577392578125,1281.550048828125,1288.0,1270.3499755859375,1273.699951171875,9956001
2025-02-07,1255.8544921875,1266.699951171875,1283.699951171875,1262.0,1276.1500244140625,8764283
2025-02-10,1242.916259765625,1253.6500244140625,1266.5,1245.550048828125,1264.5,6970972
2025-02-11,1224.2772216796875,1234.8499755859375,1264.550048828125,1230.0999755859375,1264.550048828125,8859714
2025-02-12,1206.1339111328125,1216.550048828125,1226.9000244140625,1193.3499755859375,1219.449951171875,21131654
2025-02-13,1205.6876220703125,1216.0999755859375,1228.0,1212.0,1217.050048828125,8511216
2025-02-14,1206.827880859375,1217.25,1224.0,1205.449951171875,1219.0,10298145
2025-02-17,1214.4124755859375,1224.9000244140625,1227.5,1204.5,1211.0999755859375,8166683
2025-02-18,1214.908203125,1225.4000244140625,1229.9000244140625,1216.0999755859375,1224.8499755859375,6673250
2025-02-19,1216.9404296875,1227.449951171875,1232.75,1217.550048828125,1219.5,6217338
2025-02-20,1222.4429931640625,1233.0,1239.3499755859375,1222.0,1223.949951171875,7795582
2025-02-21,1217.634521484375,1228.1500244140625,1240.0,1222.1500244140625,1228.699951171875,6904025
2025-02-24,1204.151123046875,1214.550048828125,1223.25,1210.5,1216.550048828125,7172498
2025-02-25,1193.69140625,1204.0,1221.0,1201.5,1211.0,11552182
2025-02-27,1196.7647705078125,1207.0999755859375,1215.0,1200.6500244140625,1212.800048828125,11509215
2025-02-28,1189.82470703125,1200.0999755859375,1217.3499755859375,1193.300048828125,1202.0,23007298
2025-03-03,1161.2216796875,1171.25,1206.449951171875,1156.0,1204.0,17944938
2025-03-04,1151.9517822265625,1161.9000244140625,1174.0,1159.550048828125,1162.199951171875,11377373
2025-03-05,1165.534423828125,1175.5999755859375,1183.0,1157.0,1161.0,8664095
2025-03-06,1199.2432861328125,1209.5999755859375,1213.949951171875,1185.1500244140625,1197.0,14468014
2025-03-07,1239.0992431640625,1249.800048828125,1254.800048828125,1212.0,1216.0,16474965
2025-03-10,1227.796875,1238.4000244140625,1258.0,1235.4000244140625,1245.0,11931051
2025-03-11,1236.62060546875,1247.300048828125,1249.5,1229.75,1240.0,10089838
2025-03-12,1246.2872314453125,1257.050048828125,1263.0,1244.0,1258.0,11977555
2025-03-13,1237.2154541015625,1247.9000244140625,1264.1500244140625,1243.8499755859375,1260.050048828125,9505270
2025-03-17,1228.242919921875,1238.8499755859375,1257.4000244140625,1233.0999755859375,1242.1500244140625,16640917
2025-03-18,1228.242919921875,1238.8499755859375,1238.8499755859375,1238.8499755859375,1238.8499755859375,0
2025-03-19,1236.471923828125,1247.1500244140625,1253.25,1238.800048828125,1241.050048828125,16162399
2025-03-20,1258.283447265625,1269.1500244140625,1273.0,1250.050048828125,1251.8499755859375,15971477
2025-03-21,1265.421875,1276.3499755859375,1281.0,1270.0999755859375,1275.0,21780769
2025-03-24,1290.951416015625,1302.0999755859375,1306.0,1284.25,1291.0,20299319
2025-03-25,1274.4439697265625,1285.449951171875,1307.699951171875,1282.5999755859375,1307.699951171875,13713899
2025-03-26,1262.150146484375,1273.050048828125,1293.800048828125,1268.75,1291.0,12074747
2025-03-27,1267.2559814453125,1278.199951171875,1285.0,1271.300048828125,1278.1500244140625,15028056
2025-03-28,1264.1824951171875,1275.0999755859375,1295.75,1269.0,1280.0,18147129
2025-04-01,1241.8751220703125,1252.5999755859375,1277.9000244140625,1249.300048828125,1264.5999755859375,12099648
2025-04-02,1240.4376220703125,1251.1500244140625,1255.550048828125,1243.9000244140625,1247.550048828125,10142590
2025-04-03,1238.008544921875,1248.699951171875,1251.800048828125,1233.050048828125,1233.050048828125,7434366
2025-04-04,1194.38525390625,1204.699951171875,1245.449951171875,1193.1500244140625,1241.0999755859375,17908652
2025-04-07,1155.71923828125,1165.699951171875,1171.25,1114.8499755859375,1132.199951171875,22156106
2025-04-08,1172.0780029296875,1182.199951171875,1196.5999755859375,1163.300048828125,1172.0,19555040
2025-04-09,1175.2010498046875,1185.3499755859375,1189.800048828125,1168.0,1169.5,10223104
2025-04-11,1208.5133056640625,1218.949951171875,1222.6500244140625,1195.1500244140625,1195.1500244140625,11224242
2025-04-15,1229.4822998046875,1240.0999755859375,1251.0,1237.0999755859375,1251.0,13378535
2025-04-16,1228.689208984375,1239.300048828125,1240.9000244140625,1229.0,1234.0999755859375,8248464
2025-04-17,1263.5877685546875,1274.5,1280.199951171875,1227.5999755859375,1240.199951171875,15398401
2025-04-21,1284.407958984375,1295.5,1300.9000244140625,1267.0,1270.0,10429964
2025-04-22,1280.1446533203125,1291.199951171875,1303.9000244140625,1286.300048828125,1300.0,13051707
2025-04-23,1288.869384765625,1300.0,1306.0,1285.4000244140625,1297.0,10480888
2025-04-24,1290.4556884765625,1301.5999755859375,1304.5,1290.300048828125,1292.4000244140625,10468940
2025-04-25,1289.2659912109375,1300.4000244140625,1325.199951171875,1288.0999755859375,1303.5,14431012
2025-04-28,1357.080322265625,1368.800048828125,1374.5999755859375,1320.199951171875,1340.0,31104496
2025-04-29,1387.7156982421875,1399.699951171875,1410.9000244140625,1370.0,1371.0,32538970
2025-04-30,1392.9703369140625,1405.0,1412.4000244140625,1369.0,1402.0,25480745
2025-05-02,1407.6436767578125,1419.800048828125,1426.699951171875,1409.0999755859375,1414.0,13007841
2025-05-05,1419.0452880859375,1431.300048828125,1439.5,1426.9000244140625,1431.0,12685649
2025-05-06,1408.7342529296875,1420.9000244140625,1432.0,1410.5999755859375,1431.0,14084117
2025-05-07,1393.9617919921875,1406.0,1424.4000244140625,1402.699951171875,1420.9000244140625,13440169
2025-05-08,1394.9532470703125,1407.0,1420.800048828125,1398.0,1404.0999755859375,16106175
2025-05-09,1365.408447265625,1377.199951171875,1394.800048828125,1374.5,1385.5,13668904
2025-05-12,1424.20068359375,1436.5,1439.0,1400.0,1400.0,10674081
2025-05-13,1403.5787353515625,1415.699951171875,1447.699951171875,1412.4000244140625,1433.5,11407896
2025-05-14,1412.2042236328125,1424.4000244140625,1429.9000244140625,1415.5,1420.0,5570160
2025-05-15,1441.7491455078125,1454.199951171875,1461.4000244140625,1412.699951171875,1425.0,20177211
2025-05-16,1443.9302978515625,1456.4000244140625,1461.0,1447.300048828125,1453.199951171875,9036695
2025-05-19,1428.4638671875,1440.800048828125,1454.5999755859375,1438.199951171875,1452.0999755859375,6195791
2025-05-20,1412.402587890625,1424.5999755859375,1445.0,1421.800048828125,1438.199951171875,11270560
2025-05-21,1416.963134765625,1429.199951171875,1436.199951171875,1418.0999755859375,1423.9000244140625,6136364
2025-05-22,1397.332763671875,1409.4000244140625,1423.800048828125,1396.9000244140625,1421.199951171875,12134466
2025-05-23,1414.5838623046875,1426.800048828125,1433.800048828125,1406.5999755859375,1406.5999755859375,6474883
2025-05-26,1422.5152587890625,1434.800048828125,1441.0,1425.0999755859375,1432.0,4842944
2025-05-27,1409.9239501953125,1422.0999755859375,1437.0,1413.9000244140625,1426.0999755859375,12640414
2025-05-28,1400.802734375,1412.9000244140625,1422.5999755859375,1410.699951171875,1420.0999755859375,5944611
2025-05-29,1405.660888671875,1417.800048828125,1420.0,1408.5999755859375,1412.0999755859375,13771917
2025-05-30,1408.7342529296875,1420.9000244140625,1430.5999755859375,1409.699951171875,1418.0,13788484
2025-06-02,1401.5958251953125,1413.699951171875,1417.5,1395.5999755859375,1412.0999755859375,8098668
2025-06-03,1393.4661865234375,1405.5,1426.5,1403.4000244140625,1422.300048828125,11252626
2025-06-04,1411.31201171875,1423.5,1425.699951171875,1406.0999755859375,1414.699951171875,8126827
2025-06-05,1430.0501708984375,1442.4000244140625,1454.699951171875,1423.5999755859375,1428.0,13716817
2025-06-06,1431.1407470703125,1443.5,1451.5,1437.0,1441.0,8182161
2025-06-09,1436.3953857421875,1448.800048828125,1457.5,1445.300048828125,1457.0,7885125
2025-06-10,1426.1834716796875,1438.5,1453.9000244140625,1436.0,1450.0,7913181
2025-06-11,1436.4945068359375,1448.9000244140625,1468.5999755859375,1443.0999755859375,1445.800048828125,8195700
2025-06-12,1429.257080078125,1441.5999755859375,1457.0,1434.4000244140625,1453.5,8828114
2025-06-13,1415.67431640625,1427.9000244140625,1435.5,1414.300048828125,1424.0,9757276
2025-06-16,1425.4896240234375,1437.800048828125,1442.4000244140625,1424.4000244140625,1426.9000244140625,8458093
2025-06-17,1418.946044921875,1431.199951171875,1448.0,1425.800048828125,1448.0,10366599
2025-06-18,1417.85546875,1430.0999755859375,1442.800048828125,1425.699951171875,1430.0,6681735
2025-06-19,1421.0281982421875,1433.300048828125,1439.9000244140625,1425.699951171875,1430.0999755859375,10007230
2025-06-20,1453.6463623046875,1466.199951171875,1471.0,1428.0999755859375,1431.0,29010635
2025-06-23,1444.326904296875,1456.800048828125,1463.800048828125,1442.0,1453.0,5989078
2025-06-24,1438.3782958984375,1450.800048828125,1475.0,1443.0999755859375,1465.0,16402744
2025-06-25,1454.737060546875,1467.300048828125,1472.4000244140625,1460.5,1464.0,7525851
2025-06-26,1482.497314453125,1495.300048828125,1498.800048828125,1465.0999755859375,1469.0999755859375,14657893
2025-06-27,1502.4251708984375,1515.4000244140625,1522.0,1496.9000244140625,1499.4000244140625,11117052
2025-06-30,1487.7518310546875,1500.5999755859375,1524.800048828125,1496.0,1513.800048828125,8409527
2025-07-01,1515.3138427734375,1528.4000244140625,1531.4000244140625,1500.0999755859375,1500.5999755859375,10368523
2025-07-02,1505.7960205078125,1518.800048828125,1530.0,1508.699951171875,1528.4000244140625,6361002
2025-07-03,1504.8046875,1517.800048828125,1531.9000244140625,1513.0,1520.800048828125,11283291
2025-07-04,1514.223388671875,1527.300048828125,1530.0,1517.199951171875,1524.0,6603501
2025-07-07,1528.3016357421875,1541.5,1544.800048828125,1525.0,1526.5999755859375,7251074
2025-07-08,1524.4349365234375,1537.5999755859375,1544.9000244140625,1530.199951171875,1536.0,7171261
2025-07-09,1505.9942626953125,1519.0,1551.0,1510.0999755859375,1536.699951171875,8870660
2025-07-10,1504.2095947265625,1517.199951171875,1524.699951171875,1507.5,1519.699951171875,10047129
2025-07-11,1482.3980712890625,1495.199951171875,1515.0,1490.300048828125,1512.0,7234991
2025-07-14,1470.9964599609375,1483.699951171875,1500.0,1479.0999755859375,1492.199951171875,10311846
2025-07-15,1472.6820068359375,1485.4000244140625,1496.5,1482.4000244140625,1486.199951171875,8132454
2025-07-16,1472.8802490234375,1485.5999755859375,1491.0,1471.5,1473.0,10409983
2025-07-17,1463.7591552734375,1476.4000244140625,1489.5999755859375,1473.9000244140625,1487.4000244140625,11854613
2025-07-18,1463.362548828125,1476.0,1484.800048828125,1469.0999755859375,1484.800048828125,10296318
2025-07-21,1416.3682861328125,1428.5999755859375,1476.0,1423.0999755859375,1465.0,22442744
2025-07-22,1400.70361328125,1412.800048828125,1431.9000244140625,1410.699951171875,1427.4000244140625,20396320
2025-07-23,1412.402587890625,1424.5999755859375,1426.0,1414.4000244140625,1426.0,8354596
2025-07-24,1390.888427734375,1402.9000244140625,1423.0,1396.0,1419.199951171875,14740507
2025-07-25,1379.7841796875,1391.699951171875,1401.0,1384.0999755859375,1398.9000244140625,11854722
2025-07-28,1375.71923828125,1387.5999755859375,1407.800048828125,1385.0,1392.300048828125,7748361
2025-07-29,1404.9666748046875,1417.0999755859375,1420.199951171875,1383.0,1383.0,10750072
2025-07-30,1398.026611328125,1410.0999755859375,1423.300048828125,1401.300048828125,1418.0999755859375,7209849
2025-07-31,1378.2969970703125,1390.199951171875,1402.5999755859375,1382.199951171875,1388.0999755859375,17065827
2025-08-01,1381.76708984375,1393.699951171875,1405.9000244140625,1384.300048828125,1386.9000244140625,10321171
2025-08-04,1399.4146728515625,1411.5,1416.0999755859375,1391.699951171875,1395.0999755859375,6312820
2025-08-05,1379.7841796875,1391.699951171875,1411.0,1388.0999755859375,1411.0,9315972
2025-08-06,1380.874755859375,1392.800048828125,1395.9000244140625,1383.300048828125,1391.9000244140625,5834312
2025-08-07,1377.5040283203125,1389.4000244140625,1393.699951171875,1366.0,1387.699951171875,9976705
2025-08-08,1356.0888671875,1367.800048828125,1397.199951171875,1365.0,1385.0,8793606
2025-08-11,1374.331298828125,1386.199951171875,1388.0,1361.199951171875,1370.0,9997486
2025-08-12,1368.5810546875,1380.4000244140625,1401.9000244140625,1375.199951171875,1381.9000244140625,12244664
2025-08-13,1370.7620849609375,1382.5999755859375,1391.800048828125,1377.5,1388.0,7457021
2025-08-14,1367.4774169921875,1373.800048828125,1380.699951171875,1370.0999755859375,1377.300048828125,7126128
2025-08-18,1375.3409423828125,1381.699951171875,1394.9000244140625,1377.0,1390.0,11785109
2025-08-19,1413.564208984375,1420.0999755859375,1421.0,1389.0999755859375,1390.0,14384719
2025-08-20,1406.4969482421875,1413.0,1424.9000244140625,1410.0,1413.0,8725641
2025-08-21,1418.24267578125,1424.800048828125,1431.9000244140625,1420.300048828125,1425.0,11021323
2025-08-22,1402.71435546875,1409.199951171875,1423.4000244140625,1407.9000244140625,1420.0,5818868
2025-08-25,1406.0987548828125,1412.5999755859375,1419.5,1405.699951171875,1414.699951171875,5979407
2025-08-26,1378.5262451171875,1384.9000244140625,1410.0,1381.5999755859375,1408.0,12145259
2025-08-28,1379.521728515625,1385.9000244140625,1392.199951171875,1366.5,1389.9000244140625,13161813
2025-08-29,1350.9537353515625,1357.199951171875,1403.5,1350.0,1381.0999755859375,18758842
2025-09-01,1347.6689453125,1353.9000244140625,1363.199951171875,1340.5999755859375,1356.0,11232238
2025-09-02,1360.2109375,1366.5,1384.5,1354.5,1354.800048828125,11517006
2025-09-03,1366.2828369140625,1372.5999755859375,1376.5,1360.5,1369.699951171875,7847563
2025-09-04,1353.0440673828125,1359.300048828125,1374.0,1357.0999755859375,1371.800048828125,13223177
2025-09-05,1368.671875,1375.0,1381.0,1359.300048828125,1363.0,5777575
2025-09-08,1372.15576171875,1378.5,1386.0,1372.4000244140625,1380.0,6986720
2025-09-09,1369.8662109375,1376.199951171875,1381.199951171875,1368.699951171875,1376.5999755859375,9754452
2025-09-10,1370.66259765625,1377.0,1388.5,1374.0999755859375,1383.9000244140625,7790815
2025-09-11,1376.9337158203125,1383.300048828125,1385.5,1375.0,1376.0,9766072
2025-09-12,1388.579833984375,1395.0,1396.300048828125,1380.5,1383.300048828125,7403368
2025-09-15,1392.8599853515625,1399.300048828125,1400.800048828125,1388.5999755859375,1393.0,5396697
2025-09-16,1398.8323974609375,1405.300048828125,1408.0,1398.199951171875,1404.699951171875,8686961
2025-09-17,1407.2933349609375,1413.800048828125,1416.199951171875,1406.9000244140625,1407.0,7519417
2025-09-18,1408.4876708984375,1415.0,1422.0,1410.699951171875,1420.4000244140625,9332642
2025-09-19,1400.9227294921875,1407.4000244140625,1417.0,1403.5999755859375,1414.9000244140625,13461373
2025-09-22,1384.199951171875,1390.5999755859375,1410.699951171875,1388.0,1403.9000244140625,7757970
2025-09-23,1383.40380859375,1389.800048828125,1395.0,1376.800048828125,1391.0,14014702
2025-09-24,1376.635009765625,1383.0,1396.0,1380.4000244140625,1385.300048828125,5922759
2025-09-25,1366.0838623046875,1372.4000244140625,1384.5,1369.0,1381.300048828125,11411143
2025-09-26,1371.2598876953125,1377.5999755859375,1382.699951171875,1366.0,1372.0,9879109
2025-09-29,1366.48193359375,1372.800048828125,1389.0,1368.0,1381.5999755859375,14231999
2025-09-30,1357.722412109375,1364.0,1377.0999755859375,1362.800048828125,1377.0999755859375,14604684
2025-10-01,1362.4007568359375,1368.699951171875,1378.5999755859375,1362.699951171875,1367.0,12045916
2025-10-03,1357.125244140625,1363.4000244140625,1371.5999755859375,1356.9000244140625,1363.199951171875,12842347
2025-10-06,1368.671875,1375.0,1377.4000244140625,1359.0,1360.0,12396580
2025-10-07,1378.4267578125,1384.800048828125,1395.9000244140625,1375.9000244140625,1376.0,11244040
2025-10-08,1361.1068115234375,1367.4000244140625,1389.0,1364.5,1384.800048828125,8525081
2025-10-09,1371.458984375,1377.800048828125,1380.0,1369.0999755859375,1374.0,8826633
2025-10-10,1375.3409423828125,1381.699951171875,1388.0,1375.0999755859375,1377.800048828125,6373084
2025-10-13,1368.671875,1375.0,1377.699951171875,1367.800048828125,1376.9000244140625,7600682
2025-10-14,1369.5677490234375,1375.9000244140625,1388.0,1370.0999755859375,1380.0,9768174
2025-10-15,1367.97509765625,1374.300048828125,1384.0,1372.699951171875,1383.0,10882743
2025-10-16,1391.8646240234375,1398.300048828125,1400.5,1375.0,1375.0999755859375,12315932
2025-10-17,1410.279541015625,1416.800048828125,1423.300048828125,1399.0999755859375,1401.0,19335561
2025-10-20,1460.04931640625,1466.800048828125,1473.800048828125,1433.300048828125,1440.0,24721978
2025-10-21,1458.4566650390625,1465.199951171875,1474.0,1460.0,1468.0,2066169
2025-10-23,1441.7340087890625,1448.4000244140625,1482.9000244140625,1444.5999755859375,1475.0,18707090
2025-10-24,1444.9193115234375,1451.5999755859375,1459.800048828125,1441.0,1450.0,9700837
2025-10-27,1477.2696533203125,1484.0999755859375,1485.0,1458.0,1463.0,14113867
2025-10-28,1480.056884765625,1486.9000244140625,1492.0,1477.5999755859375,1484.0999755859375,17631577
2025-10-29,1497.277099609375,1504.199951171875,1508.300048828125,1488.0999755859375,1490.0,11884745
2025-10-30,1481.6494140625,1488.5,1503.0999755859375,1484.0,1500.0,9318663
2025-10-31,1479.5592041015625,1486.4000244140625,1497.5,1482.300048828125,1490.4000244140625,8758053
2025-11-03,1477.866943359375,1484.699951171875,1495.0,1479.300048828125,1486.0,8452085
2025-11-04,1466.3203125,1473.0999755859375,1492.800048828125,1470.0999755859375,1483.9000244140625,10007806
2025-11-06,1489.2144775390625,1496.0999755859375,1501.5999755859375,1476.199951171875,1484.0,16772678
2025-11-07,1471.19775390625,1478.0,1498.4000244140625,1475.9000244140625,1494.5999755859375,7821765
2025-11-10,1482.44580078125,1489.300048828125,1501.0,1475.5,1477.9000244140625,7068438
2025-11-11,1486.5269775390625,1493.4000244140625,1498.800048828125,1480.199951171875,1497.0,7127506
2025-11-12,1504.5435791015625,1511.5,1524.699951171875,1500.0,1505.0,12384459
2025-11-13,1503.9464111328125,1510.9000244140625,1522.0999755859375,1506.800048828125,1515.0,7196443
2025-11-14,1511.9095458984375,1518.9000244140625,1520.9000244140625,1505.5,1505.5,7682823
2025-11-17,1511.3123779296875,1518.300048828125,1523.699951171875,1511.5,1520.9000244140625,5871416
2025-11-18,1512.4072265625,1519.4000244140625,1527.800048828125,1510.5,1521.699951171875,11045042
2025-11-19,1511.9095458984375,1518.9000244140625,1522.300048828125,1512.0,1517.4000244140625,5692366
2025-11-20,1541.9705810546875,1549.0999755859375,1550.9000244140625,1526.699951171875,1530.0,18171724
2025-11-21,1539.4820556640625,1546.5999755859375,1557.800048828125,1540.0999755859375,1541.0,9615271
2025-11-24,1528.831298828125,1535.9000244140625,1550.0,1531.800048828125,1550.0,18433951
2025-11-25,1532.61376953125,1539.699951171875,1559.5999755859375,1525.0999755859375,1535.9000244140625,15033482
2025-11-26,1562.6748046875,1569.9000244140625,1571.5999755859375,1540.5,1542.300048828125,14054299
2025-11-27,1556.2047119140625,1563.4000244140625,1575.5,1556.0,1575.0,9794643
2025-11-28,1560.285888671875,1567.5,1581.300048828125,1563.0,1568.0,8959508
2025-12-01,1558.892333984375,1566.0999755859375,1577.5,1563.5999755859375,1575.0,8920233
2025-12-02,1539.1834716796875,1546.300048828125,1567.5,1542.0,1561.0999755859375,11389150
2025-12-03,1531.718017578125,1538.800048828125,1552.4000244140625,1533.0,1545.199951171875,6090883
2025-12-04,1528.53271484375,1535.5999755859375,1560.5,1517.5999755859375,1536.0,11867930
2025-12-05,1533.5096435546875,1540.5999755859375,1545.800048828125,1520.5999755859375,1530.4000244140625,10183266
2025-12-08,1535.898681640625,1543.0,1551.0,1535.0,1539.199951171875,11301491
2025-12-09,1522.3612060546875,1529.4000244140625,1542.5,1520.0999755859375,1540.300048828125,11503971
2025-12-10,1529.8267822265625,1536.9000244140625,1547.5,1531.4000244140625,1534.0,7991629
2025-12-11,1537.889404296875,1545.0,1550.0,1524.0,1536.9000244140625,4706197
2025-12-12,1549.3365478515625,1556.5,1559.800048828125,1546.0999755859375,1550.800048828125,5106655
2025-12-15,1549.037841796875,1556.199951171875,1558.5999755859375,1546.5,1551.199951171875,5774543
2025-12-16,1535.201904296875,1542.300048828125,1551.699951171875,1538.800048828125,1545.0,11731856
2025-12-17,1537.292236328125,1544.4000244140625,1550.0,1539.300048828125,1550.0,7116649
2025-12-18,1537.292236328125,1544.4000244140625,1551.5,1535.199951171875,1535.199951171875,6580829
2025-12-19,1557.8968505859375,1565.0999755859375,1574.199951171875,1551.0,1554.4000244140625,13937275
2025-12-22,1568.1495361328125,1575.4000244140625,1577.5,1565.300048828125,1573.5,10184852
2025-12-23,1563.4710693359375,1570.699951171875,1580.9000244140625,1568.0999755859375,1580.9000244140625,7506564
2025-12-24,1551.0286865234375,1558.199951171875,1575.699951171875,1553.5999755859375,1572.699951171875,8815745
2025-12-26,1552.0240478515625,1559.199951171875,1561.0,1554.300048828125,1554.699951171875,2311495
2025-12-29,1538.4866943359375,1545.5999755859375,1558.0999755859375,1543.5999755859375,1554.9000244140625,5972105
2025-12-30,1532.71337890625,1539.800048828125,1553.5999755859375,1537.800048828125,1547.0,8815884
2025-12-31,1563.172607421875,1570.4000244140625,1577.0,1541.0,1541.0,5771830
